Chip,Chip$
Chip$,Chip$
Trick Daddy,Trick Trick
Trick Trick,Trick Daddy
Malik,Malik B.
Malik B.,Malik
Gonzo,Gonzoe
Porta,Portal
KATZ,KA
Lloyd,Lloyd Banks
Lloyd Banks,Lloyd
Jon Lajoie,Joi
Lil Baby,Lil B
Mac Miller,Mýa
Big Boi,Big Dboi
Big Dboi,Big Boi
Portal,Porta
Max B,Max YB
Max YB,Max B
Gonzoe,Gonzo
Zilla,ZillaKami
KEY!,Keyshia Cole
Rock City,Rock
Keyon Harrold,KEY!
K.Flay,K.Flay & MC Lars
Relle Bey,Rell
Rav,Ravyn Lenae
Ren Thomas,Ren
Key Glock,KEY!
Ravyn Lenae,Rav
KA,Kaleo
RaVaughn,Rav
Keyshia Cole,KEY!
Rucci,Renni Rucci
Kokane,Kane
Renee Coolbrith,Ren
Pink Guy,Pink
Louis Logic,Logic
Lioness,Lioness Saxa
Offset,Offset Jim
Olamide,Olamide Faison
L.E.,Lil E
Olamide Faison,Olamide
Lil E,L.E.
Plies,Party Supplies
Lil B,Lil Baby
Pink,Pink Guy
Party Supplies,Plies
Lioness Saxa,Lioness
K.Flay & MC Lars,K.Flay
Kanye West & Jay-Z,Kanye West
Offset Jim,Offset
Ock Cousteau,OC
Kane,Kokane
King Trizzy,King T
King T,King Trizzy
Renni Rucci,Rucci
Joe Fox,Joe
Johnny Quality,John
Shang High,Shan
John,John Legend
John Givez,John
Jace of Two-9,Jace
Shannell,Shan
Jack Johnson,John
Joey Fatts,Joe
Slug Christ,Slug
Scarface,Scar
Smoke,Smokepurpp
Jagged Edge,Jag
Shan,Shang High
John Mayer,John
Jag,Jagged Edge
Joi,Jon Lajoie
John Legend,John
Joe Budden,Joe
Info Gates & JL of B. Hood,Info Gates
Smokepurpp,Smoke
Slug,Slug Christ
Scar,Scarface
Info Gates,Info Gates & JL of B. Hood
Joe,Joe Budden
Mýa,Master P
Mayhem,May
Masego,Mase
May West,May
Mase,Masego
May,Mayhem
Mojo Swagger,Mojo
Hopsin & SwizZz,Hopsin
Ea$y Money,EA
Earlly Mac,EA
Maya Azucena,May
Masetti,Mase
Eric Weaver,EA
EARTHGANG,EA
Eamon,EA
Eric B.,Eric Bellinger
Hopsin,Hopsin & SwizZz
Eric Bellinger,Eric B.
Mitchy Slick,Mitch
EA Sports,EA
Eve,Everything Everything
Everything Everything,Eve
Ghost,GHOSTEMANE
Ghostface Killah,Ghost
Goldie Loc,Goldie Glo
Goldie Glo,Goldie Loc
Ghosts in the Room,Ghost
GHOSTEMANE,Ghost
Mario Winans,Mario
Future & Juice WRLD,Future
Future,Future & Juice WRLD
EA,Ea$y Money
Earl Sweatshirt,EA
Mike B,Mike Bars
Mello,MellowHype
Micah,Micah Freeman
Adam WarRock,Adam!
Logic,Louis Logic
MellowHype,Mello
Mojo,Mojo Swagger
Jay-Z,Jay-Z & Linkin Park
Jazze Pha,Jazz
Jazz,Jazze Pha
Jhené Aiko,J Hene Aiko
